CAMPAIGN NAME,SUPP. LINK
ASSURE RATES -- AUTO INSURANCE,https://www.affiliateaccesskey.com/m-jqrh-v97-caa30be8b807690e7541c7c20000a429
ZIGGY BUYS HOUSES,https://www.affiliateaccesskey.com/sm-hnxq-i13-bbbc2737f5e220dd6c23d8fd7f62c236
LIZ BUYS HOUSES,https://www.affiliateaccesskey.com/sm-hnxq-i13-bbbc2737f5e220dd75193e4e45f9bd5e
NATION ONE DEBT RELIEF,https://www.affiliateaccesskey.com/m-bflc-v97-3b7756c38c8904d1402017601986b1f5
SELECT QUOTE -- TERM LIFE INSURANCE,https://www.affiliateaccesskey.com/sm-pbxs-i13-9a98375f2a9fe52026671e6c1544a0ab
TAX - TRA - TAX RELIEF ADVOCATES,https://www.affiliateaccesskey.com/sm-qkvl-i13-bbbc2737f5e220dd69ddccc5560c7b30
FIRST PREMIER HOME WARRANTY,https://www.affiliateaccesskey.com/sm-shtn-i13-0e07d93efe40729e6bfbbb11f5a36fe4
USA LOANS TODAY,https://www.affiliateaccesskey.com/m-bflc-v97-7705af39342cd446fdc61b5eb164bf51
CLINICAL TRIALS -- DAY 1 LABS,https://www.affiliateaccesskey.com/sm-wvsn-i13-a544a943e485bfb043126efaa2795b72
TRUGREEN,https://www.affiliateaccesskey.com/sm-zxpk-i13-e0ab32899475017c596bcc9503b2b07f
VIVINT,https://www.affiliateaccesskey.com/sm-jwvk-i13-dc2db270c7349648bcd903bfaf3c68a4
LASERAWAY BOGO,https://www.affiliateaccesskey.com/sm-hlhd-i13-dc2db270c7349648bc7e4f77b1144f50
FRESH TAX,https://www.affiliateaccesskey.com/sm-qkvl-i13-dc2db270c734964879697dcf9593533a
FIDELITY TAX DEFENSE,https://www.affiliateaccesskey.com/sm-qkvl-i13-dc2db270c734964841b04a42e53c9bda
AMERICA'S FIRST TAX RELIEF,https://www.affiliateaccesskey.com/sm-qkvl-i13-dc2db270c734964801c216a5255c1979
FRESH START INITIATIVE,https://www.affiliateaccesskey.com/sm-qkvl-i13-dc2db270c7349648c33903f67bdfd59b
PLATINUM WINDOW EXPERTS,https://www.affiliateaccesskey.com/m-bflc-v08-db6f7c75933a2b91834e60ed9428c0ba
LEAFFILTER,https://www.affiliateaccesskey.com/sm-drxf-i13-0eae79a533964504f5805d7c63d3d44f
ASSURE RATES -- TAX RELIEF,https://www.affiliateaccesskey.com/m-fqsn-v18-57da183536f5ec1d313af615fe71b21a
QUOTIFII AUTO INSURANCE -- SUMMER PAGE,https://www.affiliateaccesskey.com/m-tqcj-c11-a19d674776cb83010811186646fda3e2
AMERICAN GUTTER PROS,https://www.affiliateaccesskey.com/m-bflc-w28-e1e4a2ea4c5b07d1b680fd33c0fe5b49
FREEDOM DEBT RELIEF,https://www.affiliateaccesskey.com/sm-lggn-i23-bcf77b993ce382c92e04642e28548042
MORTGAGE CASH OUT EQUITY,https://www.affiliateaccesskey.com/sm-vxwx-i23-c19415ab0598625d453a85a28b96431b
ASSURITI HOME WARRANTY,https://www.affiliateaccesskey.com/m-xrcd-w58-a65610a6f2028ee60a0a68d405542894
FINANCE -- GOV LOAN OPTIONS,https://www.affiliateaccesskey.com/sm-qkbh-o55-ed163dc52d3f05a2b15fc429dd873534
REMODEL YOUR HOME ROOFING,https://www.affiliateaccesskey.com/sm-pscm-o55-c26c5fe85c8f56fcfe06092f029d425d
ECOM -- VETERANS LISTICLE,https://www.affiliateaccesskey.com/sm-ddlq-o55-ce91479396c5472e81fc8487c74dc256
ECOM -- SENIOR DISCOUNTS,https://www.affiliateaccesskey.com/sm-ddlq-o55-ce91479396c5472ec09f410f26cdc363
AUTO WARRANTY -- ASSURITI AUTO,https://www.affiliateaccesskey.com/m-pqdr-c11-7c1cb942df4041811a81c5d071d70867
QUOTIFII HOME INSURANCE,https://www.affiliateaccesskey.com/m-tqcj-c11-8367b24c9cc6398462c1b2b1157778fd
CHEAP AUTO INSURANCE OPTIONS,https://www.affiliateaccesskey.com/m-tqcj-d21-2962a53060bf189e97f61a504e992d2f
UNCLE SAM BUYS HOUSES,https://www.affiliateaccesskey.com/m-twkh-d21-4620bf3f1f4be1f874a19c8a3b5c41ec
ROOF SAVINGS PRO,https://www.affiliateaccesskey.com/sm-fsbg-p75-73557951a821228a14360fe0ecf7c2b7
